Structure,Monoisotopic Mass
gm-AQK|1,825.39674
gm-AQKA|1,896.433853
gm-AQKAA|1,967.470966
gm-AQK[G]|1,882.418203
gm-AQK[G]A|1,953.455316
gm-AQK[G]AA|1,1024.492429
gm-AQK[GG]|1,939.439666
gm-AQK[GG]A|1,1010.476779
gm-AQK[GG]AA|1,1081.513892
gm-AQK[GGG]|1,996.461129
gm-AQK[GGG]A|1,1067.498242
gm-AQK[GGG]AA|1,1138.535355
gm-AQK[GGGG]|1,1053.482592
gm-AQK[GGGG]A|1,1124.519705
gm-AQK[GGGG]AA|1,1195.556818
gm-AQK[GGGGG]|1,1110.504055
gm-AQK[GGGGG]A|1,1181.541168
gm-AQK[GGGGG]AA|1,1252.578281
gm-A|1,569.243201
gm-AQ|1,697.301778
